Date,High,Low,Mid,Last,Bid,Ask,Volume
2016-01-01,436.49,426.26,433.91,433.78,433.83,433.99,12922.08019924
2016-01-02,435.8,430.0,433.33,433.2,433.2,433.46,6658.09219431
2016-01-03,433.79,421.73,427.905,427.98,427.76,428.05,18644.76005636
2016-01-04,435.67,426.2,434.475,434.49,434.47,434.48,13092.85066577
2016-01-05,434.91,427.91,432.09,431.82,431.96,432.22,11532.9848905
2016-01-06,432.24,425.03,430.995,430.99,430.99,431.0,8173.83921841
2016-01-07,459.0,427.03,457.23,457.25,457.21,457.25,52167.52070475
2016-01-08,465.0,446.55,454.64,454.9,454.35,454.93,34575.90116782
2016-01-09,456.01,447.07,451.055,451.2,451.0,451.11,8520.76070535
2016-01-10,451.51,441.01,447.335,447.34,447.33,447.34,13581.04999545
2016-01-11,452.49,443.42,448.935,448.94,448.93,448.94,15293.4505244
2016-01-12,450.05,444.31,446.385,446.38,446.38,446.39,11627.99693832
2016-01-13,446.75,416.0,431.72,431.53,431.6,431.84,42269.39393371
2016-01-14,435.0,426.0,429.83,429.76,429.69,429.97,13290.04387368
2016-01-15,429.43,357.02,359.575,359.16,359.16,359.99,123890.27071977
2016-01-16,392.5,352.5,388.41,388.4,388.4,388.42,74062.16019306
2016-01-17,393.31,378.76,382.065,382.0,382.0,382.13,20716.65696331
2016-01-18,390.0,375.01,387.055,387.04,387.01,387.1,19468.02258112
2016-01-19,388.61,377.41,378.87,378.96,378.79,378.95,17188.59693882
2016-01-20,428.0,375.01,419.595,419.7,419.51,419.68,82801.90942887
2016-01-21,424.57,405.0,411.005,411.01,411.0,411.01,29021.2464756
2016-01-22,411.2,371.25,381.01,381.01,380.96,381.06,62225.91956269
2016-01-23,394.81,379.85,385.555,385.57,385.55,385.56,21470.91850297
2016-01-24,407.33,385.1,402.78,402.77,402.76,402.8,23219.92783728
2016-01-25,402.77,384.0,390.94,390.96,390.91,390.97,22664.63967213
2016-01-26,396.99,387.0,393.71,393.78,393.63,393.79,10140.81467165
2016-01-27,396.99,389.66,394.81,394.97,394.66,394.96,8538.43203569
2016-01-28,395.48,375.01,378.185,378.39,378.14,378.23,25024.08113809
2016-01-29,386.0,360.03,377.71,377.6,377.6,377.82,62204.81102909
2016-01-30,380.6,374.0,376.705,376.56,376.56,376.85,10501.94797823
2016-01-31,378.9,362.57,365.91,365.52,365.58,366.24,14887.77869027
2016-02-01,379.27,363.23,371.18,371.42,370.93,371.43,24795.4227231
2016-02-02,374.8,369.69,372.95,372.9,372.9,373.0,10443.46213856
2016-02-03,374.0,365.65,368.865,368.98,368.74,368.99,13195.15019685
2016-02-04,393.89,368.65,389.84,389.96,389.8,389.88,37339.9192622
2016-02-05,393.0,384.19,386.615,386.54,386.54,386.69,16879.23586874
2016-02-06,386.54,365.0,373.73,373.75,373.71,373.75,40202.13384674
2016-02-07,377.8,369.17,371.975,372.01,371.85,372.1,13056.06239366
2016-02-08,377.0,369.01,370.37,370.49,370.31,370.43,16881.20552174
2016-02-09,377.96,370.04,373.965,373.97,373.96,373.97,9079.98800077
2016-02-10,387.0,373.13,381.05,380.9,380.93,381.17,33668.70675664
2016-02-11,383.23,372.25,377.995,377.99,377.99,378.0,14521.32801979
2016-02-12,383.53,377.04,382.885,382.94,382.83,382.94,10146.83584537
2016-02-13,393.0,382.55,392.995,392.99,392.99,393.0,14754.53765591
2016-02-14,408.66,392.93,408.305,408.3,408.3,408.31,29423.6760944
2016-02-15,412.5,395.23,400.09,399.9,400.06,400.12,30129.68519329
2016-02-16,408.77,398.66,407.225,407.27,407.08,407.37,13991.05677741
2016-02-17,421.9,405.16,414.885,414.88,414.88,414.89,30400.76489361
2016-02-18,426.21,412.51,421.505,421.5,421.5,421.51,25228.63442938
2016-02-19,422.54,412.0,419.78,419.85,419.71,419.85,13268.55624683
2016-02-20,445.96,419.72,438.89,438.7,438.81,438.97,47477.38201239
2016-02-21,451.6,428.01,440.485,440.49,440.48,440.49,43012.3640973
2016-02-22,442.5,433.01,440.335,440.27,440.21,440.46,16337.46643988
2016-02-23,442.67,416.24,421.355,421.4,421.13,421.58,32431.14307513
2016-02-24,427.5,409.69,426.37,426.36,426.36,426.38,22426.10899723
2016-02-25,430.0,419.5,424.87,424.88,424.82,424.92,13595.76030845
2016-02-26,435.9,419.83,435.42,435.49,435.35,435.49,18860.34189347
2016-02-27,438.6,431.81,434.11,434.21,434.01,434.21,11580.27419617
2016-02-28,437.89,422.1,434.465,434.45,434.45,434.48,19852.27109854
2016-02-29,445.0,430.51,439.075,439.16,438.99,439.16,20389.28711226
2016-03-01,442.79,427.26,434.91,434.99,434.83,434.99,19616.22555326
2016-03-02,436.45,421.11,421.72,422.09,421.35,422.09,16475.43442708
2016-03-03,424.43,416.4,420.57,420.56,420.56,420.58,20874.05140073
2016-03-04,423.99,407.5,408.76,408.82,408.7,408.82,21749.41985593
2016-03-05,410.14,389.0,397.405,397.36,397.36,397.45,46951.85160138
2016-03-06,409.5,392.01,403.81,403.91,403.72,403.9,19707.15805197
2016-03-07,415.8,401.51,412.58,412.62,412.54,412.62,15306.46433026
2016-03-08,416.0,406.0,411.34,411.35,411.33,411.35,10227.45551202
2016-03-09,414.5,407.47,412.975,413.05,412.9,413.05,9027.75321888
2016-03-10,418.24,410.68,416.565,416.51,416.49,416.64,13709.08292075
2016-03-11,423.6,415.5,420.475,420.47,420.46,420.49,15464.77864266
2016-03-12,421.81,406.38,410.035,410.01,410.02,410.05,17020.42554463
2016-03-13,416.0,409.77,412.4,412.4,412.39,412.41,7810.44041778
2016-03-14,417.99,411.7,414.81,414.69,414.78,414.84,9066.54541307
2016-03-15,418.82,412.78,416.095,416.09,416.08,416.11,9897.04267392
2016-03-16,418.0,413.96,417.395,417.39,417.39,417.4,6947.35006083
2016-03-17,420.6,416.67,418.55,418.52,418.52,418.58,8465.8102254
2016-03-18,419.1,403.01,408.215,408.21,408.21,408.22,20692.49410494
2016-03-19,409.67,404.0,406.19,406.26,406.14,406.24,7897.38953657
2016-03-20,413.2,406.06,410.895,410.81,410.81,410.98,6838.1270698
2016-03-21,412.42,406.0,411.21,411.44,411.0,411.42,8009.33224218
2016-03-22,418.68,409.88,416.8,416.78,416.78,416.82,10077.35339844
2016-03-23,419.72,415.83,419.07,419.13,419.01,419.13,6885.80519913
2016-03-24,419.27,414.0,415.125,415.48,415.12,415.13,8028.66688177
2016-03-25,417.03,413.03,415.965,416.2,415.84,416.09,3734.49993604
2016-03-26,419.4,413.2,416.345,416.61,416.27,416.42,4986.03137482
2016-03-27,431.0,415.79,425.435,425.46,425.43,425.44,22007.21155246
2016-03-28,427.99,422.38,424.885,424.77,424.77,425.0,9347.13221867
2016-03-29,426.41,406.51,415.885,415.91,415.8,415.97,23314.73398595
2016-03-30,416.21,408.58,413.98,413.76,413.74,414.22,9056.69499933
2016-03-31,418.25,413.0,417.195,417.19,417.19,417.2,7153.32745534
2016-04-01,417.6,414.0,416.275,416.27,416.27,416.28,5462.70334311
2016-04-02,422.8,416.28,420.305,420.3,420.3,420.31,6322.51144737
2016-04-03,421.82,416.0,420.91,420.92,420.9,420.92,4059.37473416
2016-04-04,421.2,416.24,420.61,420.6,420.6,420.62,6012.17266406
2016-04-05,425.0,419.61,423.085,423.08,423.07,423.1,6937.54076488
2016-04-06,424.68,421.69,423.22,423.2,423.19,423.25,6004.78360596
2016-04-07,423.25,417.78,421.09,421.01,421.02,421.16,7574.26254208
2016-04-08,424.49,415.5,419.395,419.31,419.31,419.48,9974.09566889
2016-04-09,419.43,412.0,417.995,417.99,417.99,418.0,6324.65903706
2016-04-10,422.9,417.49,421.115,421.1,421.1,421.13,4047.30096736
2016-04-11,423.9,418.8,423.215,423.25,423.18,423.25,6582.72373744
2016-04-12,430.0,423.01,426.355,426.35,426.35,426.36,14755.72383371
2016-04-13,427.68,423.0,424.985,424.99,424.98,424.99,6763.90489165
2016-04-14,426.49,424.01,425.68,425.83,425.66,425.7,3965.97016984
2016-04-15,432.49,425.6,430.475,430.47,430.47,430.48,15778.82352358
2016-04-16,435.67,430.47,431.995,431.99,431.99,432.0,7741.55017202
2016-04-17,433.49,426.37,428.485,428.49,428.48,428.49,8634.15529634
2016-04-18,430.91,426.52,429.345,429.54,429.15,429.54,7004.52431308
2016-04-19,437.53,428.54,436.175,436.0,436.02,436.33,9607.54299122
2016-04-20,446.61,436.02,443.315,443.29,443.29,443.34,23798.55248426
2016-04-21,454.5,441.92,450.985,450.99,450.98,450.99,18118.35676568
2016-04-22,453.15,444.51,447.31,447.44,447.2,447.42,12236.83698487
2016-04-23,454.95,445.67,453.215,453.21,453.21,453.22,9952.80286308
2016-04-24,464.99,450.18,462.66,462.63,462.62,462.7,23800.23303833
2016-04-25,471.58,455.0,466.98,466.87,466.88,467.08,23345.65116779
2016-04-26,471.99,461.5,467.895,467.82,467.82,467.97,21867.57646473
2016-04-27,470.17,445.98,447.995,447.99,447.99,448.0,37495.11675332
2016-04-28,449.84,435.0,449.26,449.12,449.13,449.39,27750.29641073
2016-04-29,457.49,445.8,454.49,454.19,454.19,454.79,13571.43220133
2016-04-30,455.99,445.01,447.35,447.63,447.07,447.63,10060.91759532
2016-05-01,452.99,445.01,451.235,451.1,451.1,451.37,4670.92481509
2016-05-02,452.5,436.0,444.175,444.27,444.08,444.27,29482.91670691
2016-05-03,452.0,440.1,451.38,451.48,451.29,451.47,12210.47034137
2016-05-04,451.65,445.07,447.15,447.0,447.0,447.3,7310.12726759
2016-05-05,451.68,445.51,448.64,448.59,448.59,448.69,10449.98347508
2016-05-06,466.0,448.0,462.43,462.47,462.38,462.48,26519.84024087
2016-05-07,463.05,458.3,460.24,460.15,460.16,460.32,8206.39486175
2016-05-08,461.4,456.04,459.72,459.79,459.65,459.79,6162.47417957
2016-05-09,465.4,457.8,461.635,461.64,461.63,461.64,15268.358121
2016-05-10,465.0,445.01,450.555,450.56,450.55,450.56,20984.27076388
2016-05-11,454.68,448.4,451.565,451.62,451.15,451.98,9592.06910187
2016-05-12,456.75,445.91,454.025,454.02,454.02,454.03,17825.73196553
2016-05-13,457.5,452.0,456.36,456.25,456.26,456.46,6983.72951014
2016-05-14,458.86,454.0,455.72,455.64,455.64,455.8,4204.66412593
2016-05-15,460.67,454.31,458.895,458.89,458.89,458.9,5421.31494069
2016-05-16,458.95,451.0,454.25,454.18,454.24,454.26,8624.92495511
2016-05-17,454.91,451.0,452.785,452.8,452.77,452.8,7816.10516688
2016-05-18,457.0,451.53,454.905,454.91,454.9,454.91,6571.48970949
2016-05-19,454.91,440.0,442.315,442.44,442.09,442.54,24025.47878224
2016-05-20,443.14,433.0,440.36,440.69,440.05,440.67,20320.75680228
2016-05-21,442.16,435.3,441.065,441.46,440.84,441.29,7141.16246822
2016-05-22,441.46,435.1,437.835,437.83,437.83,437.84,7317.42233875
2016-05-23,442.97,436.51,442.135,442.14,442.13,442.14,7408.63010252
2016-05-24,447.85,442.1,445.9,445.82,445.82,445.98,8490.93544547
2016-05-25,450.51,442.5,449.115,448.79,449.03,449.2,12467.7842654
2016-05-26,454.8,446.01,453.605,453.63,453.6,453.61,9471.59752237
2016-05-27,482.31,452.98,473.605,473.6,473.6,473.61,58905.45399229
2016-05-28,539.97,471.0,534.595,534.99,534.2,534.99,69509.08722097
2016-05-29,570.0,512.11,521.88,520.83,520.85,522.91,85092.38467422
2016-05-30,548.5,517.1,535.045,535.02,535.04,535.05,36020.90101395
2016-05-31,546.5,518.0,532.305,532.31,532.3,532.31,49479.37331668
2016-06-01,546.12,523.75,540.315,540.25,540.25,540.38,27156.35641243
2016-06-02,544.0,532.37,542.705,542.72,542.7,542.71,17661.15353831
2016-06-03,579.94,535.65,569.21,569.01,569.03,569.39,48844.74024918
2016-06-04,593.89,560.1,571.54,571.21,571.19,571.89,39398.69418957
2016-06-05,586.47,564.64,576.62,576.36,576.49,576.75,28009.8141199
2016-06-06,588.6,573.93,584.38,584.3,584.3,584.46,27001.84033548
2016-06-07,592.08,561.3,575.655,575.47,575.64,575.67,36484.68220863
2016-06-08,585.15,570.62,583.815,584.03,583.64,583.99,18194.65391418
2016-06-09,584.05,569.97,576.875,576.88,576.87,576.88,21822.19276537
2016-06-10,582.43,572.5,577.825,577.9,577.75,577.9,16189.80298099
2016-06-11,595.0,577.9,593.305,593.31,593.3,593.31,16071.0248676
2016-06-12,685.0,592.51,681.745,681.51,681.52,681.97,118827.80400204
2016-06-13,719.0,656.31,700.155,700.09,700.09,700.22,126621.58877491
2016-06-14,705.88,656.51,684.145,683.97,684.0,684.29,65981.71927849
2016-06-15,699.4,667.89,694.055,694.32,693.87,694.24,34808.66062655
2016-06-16,779.0,693.05,775.815,775.82,775.59,776.04,121111.63478936
2016-06-17,780.0,702.01,742.75,742.13,742.13,743.37,97693.4920721
2016-06-18,789.78,720.0,756.595,756.98,756.21,756.98,68672.78830521
2016-06-19,775.0,739.0,766.335,765.91,766.16,766.51,26957.29845775
2016-06-21,742.98,635.37,658.43,658.31,658.3,658.56,98081.69122892
2016-06-22,688.32,594.5,605.04,605.0,605.0,605.08,95438.50602288
2016-06-23,639.0,555.56,630.945,631.62,630.2,631.69,129266.85279423
2016-06-24,679.99,624.02,660.375,660.86,659.92,660.83,92952.22459604
2016-06-25,698.0,640.11,669.84,671.1,669.51,670.17,56957.46129067
2016-06-26,671.46,614.33,631.71,631.81,631.62,631.8,44708.87202527
2016-06-27,655.14,616.07,647.12,647.0,647.0,647.24,44142.77435402
2016-06-28,664.26,631.65,649.02,649.01,649.01,649.03,38803.2296608
2016-06-29,649.1,621.58,638.435,638.0,638.0,638.87,32918.3457179
2016-06-30,677.0,635.57,671.985,671.79,671.98,671.99,38860.6103313
2016-07-01,690.62,667.61,678.78,678.44,678.62,678.94,42862.41849666
2016-07-02,706.0,673.0,701.495,701.41,701.41,701.58,28637.23557381
2016-07-03,706.98,644.1,663.51,663.49,663.5,663.52,44932.65265063
2016-07-04,679.8,644.46,676.685,676.8,676.6,676.77,22727.23307263
2016-07-05,684.44,655.3,667.14,667.09,667.09,667.19,18846.59819596
2016-07-06,682.9,664.63,676.59,676.48,676.51,676.67,15875.85145045
2016-07-07,682.0,610.1,635.65,636.3,635.01,636.29,75099.3368306
2016-07-08,660.93,633.75,660.165,659.96,659.96,660.37,31347.22035068
2016-07-09,666.66,620.0,650.555,650.5,650.5,650.61,48806.8700052
2016-07-10,652.0,636.09,648.995,648.99,648.99,649.0,10390.87934332
2016-07-11,662.6,643.4,647.825,647.82,647.82,647.83,14064.32022159
2016-07-12,679.9,645.45,676.95,676.92,676.92,676.98,28187.96426491
2016-07-13,678.0,655.0,663.005,663.02,663.0,663.01,18343.93854745
2016-07-14,667.5,649.89,660.73,660.54,660.55,660.91,21349.8179801
2016-07-15,669.95,658.11,664.255,663.87,663.87,664.64,9396.00862719
2016-07-16,669.65,659.12,663.385,663.39,663.38,663.39,6147.61032132
2016-07-17,689.96,663.0,680.805,680.62,680.8,680.81,19293.52898297
2016-07-18,686.74,666.02,675.72,675.62,675.6,675.84,18842.3448314
2016-07-19,676.78,665.0,676.055,675.97,675.98,676.13,10897.6200814
2016-07-20,678.59,661.0,666.295,666.3,666.29,666.3,13166.58267054
2016-07-21,668.0,654.97,664.775,664.77,664.77,664.78,10751.21650063
2016-07-22,668.0,639.41,645.695,645.7,645.69,645.7,26959.37294108
2016-07-23,657.13,644.97,654.635,654.51,654.27,655.0,10993.04072625
2016-07-24,664.15,650.52,661.325,661.32,661.32,661.33,13994.00896559
2016-07-25,664.41,646.22,654.525,654.52,654.52,654.53,14136.39579227
2016-07-26,657.61,640.56,655.025,655.03,655.02,655.03,20104.97220125
2016-07-27,662.78,646.44,656.005,656.01,656.0,656.01,14265.43870689
2016-07-28,659.67,652.52,656.42,655.89,655.9,656.94,8704.76454715
2016-07-29,660.49,654.54,658.995,658.99,658.99,659.0,9386.44079173
2016-07-30,660.46,647.79,654.605,654.61,654.6,654.61,8151.70343805
2016-07-31,655.17,627.0,631.025,631.06,631.02,631.03,27430.53866558
2016-08-01,631.03,605.89,610.905,610.37,610.31,611.5,34265.88760064
2016-08-08,0.0,0.0,586.87,604.1,586.8,586.94,0.0
2016-08-09,0.0,0.0,583.455,604.1,573.95,592.96,0.0
2016-08-10,614.5,579.0,590.89,591.25,590.53,591.25,18187.56118143
2016-08-11,599.75,584.59,591.64,591.75,591.53,591.75,18233.22485662
2016-08-12,593.47,584.0,584.485,584.1,584.48,584.49,6069.813233
2016-08-13,590.02,582.0,583.275,583.26,583.26,583.29,6764.16517355
2016-08-14,583.75,564.0,567.645,568.19,567.46,567.83,7517.07563639
2016-08-15,575.75,562.99,565.825,565.82,565.82,565.83,7614.3620472
2016-08-16,579.0,564.0,576.995,577.0,576.99,577.0,6290.06103421
2016-08-17,578.5,569.0,571.635,571.63,571.63,571.64,5042.00032783
2016-08-18,578.75,569.71,572.345,572.32,572.33,572.36,5951.69771277
2016-08-19,577.25,570.82,574.355,574.35,574.35,574.36,2922.75231983
2016-08-20,581.75,571.25,581.575,581.74,581.57,581.58,3116.65223261
2016-08-21,584.27,580.0,580.815,581.14,580.5,581.13,2731.55233177
2016-08-22,589.99,580.3,588.29,588.24,588.16,588.42,4585.92678507
2016-08-23,590.69,581.1,583.87,583.9,583.84,583.9,4857.55124245
2016-08-24,586.91,580.0,581.285,581.18,581.21,581.36,5067.2786327
2016-08-25,581.4,574.01,577.825,577.83,577.82,577.83,3579.20999628
2016-08-26,579.51,575.06,578.015,578.02,578.01,578.02,1769.30389965
2016-08-27,578.99,567.23,568.515,568.52,568.51,568.52,2222.49889081
2016-08-28,574.54,568.18,573.855,573.83,573.83,573.88,1551.9905466
2016-08-29,578.1,573.01,574.245,574.25,574.24,574.25,2770.1861468
2016-08-30,580.28,574.07,578.985,579.25,578.98,578.99,3158.13800589
2016-08-31,579.52,572.02,575.35,574.47,574.88,575.82,3497.9718623
2016-09-01,577.98,571.43,572.785,572.57,572.78,572.79,3540.43261766
2016-09-02,580.5,570.61,575.485,575.48,575.48,575.49,4559.56714823
2016-09-03,615.0,575.49,606.975,607.06,606.97,606.98,9423.52965552
2016-09-04,618.65,601.83,613.755,613.76,613.75,613.76,4948.8435107
2016-09-05,615.68,603.84,614.125,614.12,614.12,614.13,5158.87291776
2016-09-06,617.53,609.7,613.895,613.98,613.81,613.98,3062.08630454
2016-09-07,620.0,610.83,619.425,619.35,619.42,619.43,5221.08475251
2016-09-08,636.16,615.92,630.105,630.1,630.1,630.11,8270.3076167
2016-09-09,634.36,621.24,625.505,625.51,625.5,625.51,4649.87369853
2016-09-10,629.65,624.68,628.75,628.92,628.51,628.99,4053.97886251
2016-09-11,635.0,595.36,610.05,609.78,610.0,610.1,9413.88980134
2016-09-12,615.21,608.01,611.105,611.1,611.1,611.11,5130.04884953
2016-09-13,640.0,610.0,613.99,613.98,613.98,614.0,7287.95513402
2016-09-14,617.38,612.01,613.895,613.89,613.89,613.9,6009.98825471
2016-09-15,617.93,611.0,612.505,612.5,612.5,612.51,4216.53966291
2016-09-16,614.22,609.54,610.175,610.18,610.17,610.18,3862.43096377
2016-09-17,610.75,604.96,608.29,608.26,608.27,608.31,3561.07084339
2016-09-18,616.34,607.18,614.075,613.82,613.83,614.32,2827.47975194
2016-09-19,615.05,608.6,609.84,609.48,609.82,609.86,2904.34122059
2016-09-20,612.01,607.36,609.09,609.25,609.03,609.15,2690.91661612
2016-09-21,610.92,591.0,599.005,599.0,599.0,599.01,8460.42772051
2016-09-22,598.93,595.92,596.435,596.44,596.43,596.44,2421.98420178
2016-09-23,603.99,595.95,603.985,603.99,603.98,603.99,1917.87104227
2016-09-24,606.0,601.0,603.34,603.66,603.08,603.6,914.85378264
2016-09-25,603.99,597.3,600.315,600.31,600.31,600.32,1452.18992585
2016-09-26,610.1,599.86,608.79,609.09,608.66,608.92,3108.54117737
2016-09-27,609.91,602.01,603.985,603.98,603.98,603.99,3187.52758284
2016-09-28,605.77,603.07,604.415,604.47,604.41,604.42,1949.94557567
2016-09-29,607.96,603.04,605.715,605.74,605.68,605.75,2788.10166223
2016-09-30,613.27,603.21,611.09,611.09,611.08,611.1,2785.57032597
2016-10-01,616.87,610.9,614.075,614.09,614.07,614.08,1956.99527529
2016-10-02,614.21,575.0,609.91,609.93,609.9,609.92,4952.66968593
2016-10-03,618.0,608.91,612.78,612.76,612.72,612.84,3190.424406
2016-10-04,614.11,609.63,610.2,610.79,609.98,610.42,4079.34572872
2016-10-05,617.28,610.0,614.475,614.46,614.46,614.49,3253.61060988
2016-10-06,615.9,612.68,614.025,614.04,614.01,614.04,3253.10524359
2016-10-07,621.71,613.0,619.885,620.27,619.5,620.27,4693.60148358
2016-10-08,622.87,617.91,620.62,620.69,620.59,620.65,3261.18040067
2016-10-09,620.91,614.01,615.48,615.42,615.42,615.54,2747.50120245
2016-10-10,620.0,615.54,618.815,618.82,618.81,618.82,2697.57363131
2016-10-11,646.86,618.06,641.545,641.55,641.54,641.55,12735.63604196
2016-10-12,645.0,636.91,638.21,638.33,638.03,638.39,3982.53197272
2016-10-13,644.29,636.38,637.695,637.76,637.63,637.76,4972.229595
2016-10-14,645.4,636.72,641.38,641.41,641.35,641.41,6563.33780358
2016-10-15,645.69,637.91,639.245,638.94,639.2,639.29,2526.0546142
2016-10-16,645.8,639.32,644.115,644.12,644.11,644.12,2364.23392474
2016-10-17,644.56,637.58,639.34,639.07,639.12,639.56,5062.10758495
2016-10-18,641.98,632.93,639.01,638.99,638.98,639.04,5851.61243285
2016-10-19,644.0,627.84,631.53,631.55,631.52,631.54,9208.3288179
2016-10-20,633.61,628.0,632.575,632.73,632.57,632.58,3359.43875346
2016-10-21,639.0,632.0,635.71,635.25,635.3,636.12,7223.98559486
2016-10-22,672.2,635.06,663.225,663.44,663.04,663.41,10009.19894799
2016-10-23,671.4,656.04,659.295,658.91,658.91,659.68,5773.11045647
2016-10-24,659.61,654.01,655.005,654.99,654.87,655.14,5740.59870407
2016-10-25,670.0,654.1,667.425,667.42,667.42,667.43,3705.77763319
2016-10-26,685.84,652.6,674.845,674.92,674.77,674.92,13303.6630052
2016-10-27,690.92,674.66,685.715,685.79,685.64,685.79,12899.18117273
2016-10-28,695.34,681.08,690.765,690.6,690.76,690.77,9892.93954264
2016-10-29,724.0,690.76,719.405,719.81,719.01,719.8,15523.48653814
2016-10-30,719.89,696.96,701.78,702.3,701.71,701.85,12040.59842153
2016-10-31,709.0,687.6,702.05,701.98,701.97,702.13,8824.28173029
2016-11-01,746.55,701.01,732.915,733.0,732.71,733.12,22377.17620171
2016-11-02,737.49,723.59,737.485,737.49,737.48,737.49,8259.77761201
2016-11-03,754.66,678.0,680.185,680.19,680.18,680.19,28040.94944342
2016-11-04,710.9,676.0,709.005,708.81,708.81,709.2,15808.44652879
2016-11-05,713.88,700.82,708.105,708.11,708.1,708.11,6117.90968395
2016-11-06,721.61,700.01,715.46,715.06,715.42,715.5,7044.75853203
2016-11-08,713.44,700.02,705.32,704.47,704.67,705.97,3807.69800762
2016-11-09,717.99,703.0,712.415,711.99,712.38,712.45,9856.71944879
2016-11-10,743.06,708.5,723.39,723.42,723.37,723.41,15096.981684
2016-11-11,725.0,709.13,714.865,714.87,714.86,714.87,4455.4510804
2016-11-12,719.37,712.03,716.89,716.61,716.85,716.93,4914.24595186
2016-11-13,716.99,700.1,703.565,703.57,703.56,703.57,5914.12064352
2016-11-14,706.47,687.6,703.625,703.61,703.61,703.64,8692.10129393
2016-11-15,709.91,698.76,707.435,707.43,707.43,707.44,5998.46528731
2016-11-16,720.05,707.4,711.585,712.0,711.58,711.59,7937.58643228
2016-11-17,747.49,710.0,743.94,743.47,742.9,744.98,17957.35761837
2016-11-18,763.85,735.0,740.19,740.67,740.01,740.37,14879.2018428
2016-11-19,759.89,734.5,753.905,753.97,753.9,753.91,6962.71085661
2016-11-20,759.99,740.0,752.23,752.9,752.17,752.29,6044.662876
2016-11-21,757.0,711.16,729.675,729.67,729.67,729.68,13912.6238054
2016-11-22,740.6,728.08,738.995,738.99,738.99,739.0,7200.7851153
2016-11-23,753.91,733.25,750.22,749.85,749.85,750.59,9485.31653992
2016-11-24,750.91,730.79,741.84,741.99,741.7,741.98,5581.81258924
2016-11-25,744.32,727.61,737.66,737.61,737.64,737.68,6068.66243718
2016-11-26,741.12,730.0,739.785,740.36,739.21,740.36,4062.25913716
2016-11-27,740.99,720.0,731.24,731.19,731.19,731.29,4490.18685577
2016-11-28,736.19,722.5,724.945,724.99,724.9,724.99,3495.40615525
2016-11-29,734.99,724.99,731.515,731.52,731.51,731.52,4137.68063169
2016-11-30,734.89,728.68,730.97,731.05,730.86,731.08,5649.69631816
2016-12-01,743.14,728.98,738.9,739.0,738.8,739.0,5529.5441113
2016-12-02,756.0,738.8,755.395,755.36,755.37,755.42,13400.24050436
2016-12-03,779.21,755.15,774.69,774.65,774.65,774.73,13434.31594303
2016-12-04,774.86,755.98,766.33,767.37,765.64,767.02,5739.33718638
2016-12-05,769.99,758.82,768.12,768.5,767.74,768.5,4184.88589499
2016-12-06,769.0,744.59,750.605,750.85,750.6,750.61,10058.02503566
2016-12-07,758.5,750.44,756.965,757.27,756.66,757.27,5279.81545309
2016-12-08,774.92,746.16,765.015,765.01,765.01,765.02,10694.29715041
2016-12-09,773.2,762.66,765.005,765.01,765.0,765.01,4751.22151402
2016-12-10,772.72,765.0,770.495,770.5,770.49,770.5,3653.03373557
2016-12-11,777.77,769.99,772.85,772.9,772.8,772.9,3363.30527088
2016-12-12,773.73,761.84,770.215,770.21,770.21,770.22,4144.9434301
2016-12-13,785.0,770.21,777.995,777.99,777.99,778.0,6758.33976156
2016-12-14,788.87,762.89,774.995,775.0,774.99,775.0,5581.84400278
2016-12-15,781.16,771.15,774.495,774.49,774.49,774.5,3680.69569057
2016-12-16,780.12,774.5,777.775,777.43,777.77,777.78,3184.82202996
2016-12-17,785.06,775.85,784.165,784.17,784.16,784.17,4774.96776769
2016-12-18,793.0,782.93,790.985,790.99,790.98,790.99,6201.31214317
2016-12-19,792.8,784.36,790.2,790.18,790.19,790.21,2433.2611579
2016-12-20,792.27,787.75,790.585,790.59,790.58,790.59,2151.08134575
2016-12-21,802.33,787.86,799.2,799.35,799.04,799.36,7009.01299556
2016-12-22,830.5,794.95,829.415,829.33,829.33,829.5,16203.08680088
2016-12-23,874.0,825.0,859.155,859.0,859.11,859.2,15262.5244032
2016-12-24,920.0,859.0,917.245,918.99,916.95,917.54,26019.0040387
2016-12-25,919.99,882.41,895.275,895.24,895.27,895.28,7388.14310165
2016-12-26,904.55,858.62,898.25,898.42,898.08,898.42,12059.32963465
2016-12-27,920.0,894.21,907.62,908.78,907.43,907.81,11814.81950152
2016-12-28,940.0,903.51,936.475,936.43,936.47,936.48,9178.73504832
2016-12-29,983.0,935.93,981.34,981.7,981.26,981.42,20823.10823446
2016-12-30,983.0,945.0,971.995,972.0,971.99,972.0,22590.70556827
2016-12-31,972.0,929.5,958.98,959.16,958.76,959.2,19324.27773831
2017-01-01,968.2,945.01,966.995,966.61,966.62,967.37,7147.77442294
2017-01-02,1006.5,961.26,998.29,999.24,997.34,999.24,13440.45626448
2017-01-03,1035.0,994.1,1019.45,1019.5,1019.3,1019.6,21804.19721597
2017-01-04,1040.0,1013.5,1038.5,1038.0,1038.0,1039.0,14128.62571394
2017-01-05,1150.0,1036.4,1138.65,1139.6,1138.6,1138.7,53698.69204086
2017-01-06,1166.0,850.79,1003.75,1003.4,1003.6,1003.9,91218.60067752
2017-01-07,1025.0,871.0,898.435,898.5,898.3,898.57,57391.66971367
2017-01-08,911.09,815.0,908.505,908.1,908.01,909.0,40623.60470508
2017-01-09,943.6,890.0,915.95,915.9,915.9,916.0,30721.60706478
2017-01-10,916.7,875.0,903.005,903.01,903.0,903.01,16587.32047481
2017-01-11,918.0,895.48,906.38,905.75,905.76,907.0,12138.49290567
2017-01-12,923.66,760.0,778.015,779.56,776.74,779.29,62866.22307066
2017-01-13,831.18,735.0,804.745,804.99,804.55,804.94,35863.46782828
2017-01-14,832.39,775.61,827.25,827.22,826.39,828.11,25871.21133403
2017-01-15,838.54,800.03,817.345,815.85,816.84,817.85,12533.89690393
2017-01-16,823.0,805.03,821.07,820.74,820.94,821.2,5379.11823595
2017-01-17,837.97,813.94,830.05,830.1,830.0,830.1,7652.41647063
2017-01-18,910.8,828.0,903.975,903.99,903.96,903.99,27345.22656398
2017-01-19,913.85,847.23,888.375,888.14,888.25,888.5,21313.19615659
2017-01-20,910.03,883.49,901.81,901.56,901.56,902.06,15074.0085325
2017-01-21,904.99,883.06,895.955,896.14,895.58,896.33,9493.97685714
2017-01-22,931.01,893.89,924.26,924.02,924.22,924.3,12173.61851885
2017-01-23,939.9,892.0,923.715,923.72,923.71,923.72,21844.16279593
2017-01-24,928.87,905.99,906.075,905.99,905.99,906.16,9808.19381728
2017-01-25,927.34,884.2,886.445,886.45,886.44,886.45,20580.09225021
2017-01-26,899.61,884.2,893.68,893.35,893.46,893.9,10476.7202953
2017-01-27,917.64,893.49,915.135,915.37,915.12,915.15,9821.65148972
2017-01-28,922.16,905.0,916.885,916.7,916.79,916.98,10140.74588812
2017-01-29,923.99,915.01,919.555,919.43,919.47,919.64,3614.96133848
2017-01-30,922.99,910.72,912.63,912.55,912.56,912.7,2700.81599478
2017-01-31,920.89,910.01,917.16,917.36,917.01,917.31,3480.8383197
2017-02-01,969.4,916.75,966.195,966.2,966.19,966.2,19615.15770733
2017-02-02,985.0,960.1,983.635,983.52,983.56,983.71,11349.92981341
2017-02-03,1010.6,970.1,1007.1,1007.0,1007.0,1007.2,17790.8447822
2017-02-04,1020.5,986.11,1016.65,1016.9,1016.4,1016.9,19029.92892955
2017-02-05,1040.0,1001.6,1030.9,1031.1,1030.7,1031.1,17134.09356892
2017-02-06,1033.0,995.1,1007.0,1006.6,1006.7,1007.3,16188.32220713
2017-02-07,1026.3,1006.0,1022.4,1022.6,1022.0,1022.8,8898.68443426
2017-02-08,1056.4,1021.7,1052.3,1052.1,1052.1,1052.5,15187.02639096
2017-02-09,1070.0,1006.5,1048.95,1048.9,1048.9,1049.0,23105.63125251
2017-02-10,1078.0,936.34,984.98,984.99,984.97,984.99,59941.06866578
2017-02-11,1002.0,949.36,992.8,992.99,992.61,992.99,24494.98954846
2017-02-12,1009.0,984.01,1000.15,1000.0,1000.0,1000.3,9318.50128372
2017-02-13,1005.8,992.33,996.07,996.0,996.0,996.14,4349.23576817
2017-02-14,1004.8,974.22,996.515,996.52,996.51,996.52,9055.11070931
2017-02-15,1019.0,988.6,1013.25,1013.3,1013.2,1013.3,12202.30781261
2017-02-16,1018.2,1002.3,1013.95,1014.0,1013.9,1014.0,5608.51386076
2017-02-17,1045.8,1013.9,1037.25,1038.5,1037.2,1037.3,11242.73276844
2017-02-18,1067.4,1033.1,1056.95,1056.9,1056.9,1057.0,16172.94740828
2017-02-19,1071.1,1053.1,1059.8,1059.8,1059.5,1060.1,7146.10940527
2017-02-20,1066.0,1045.0,1056.25,1056.2,1056.2,1056.3,6437.47647489
2017-02-21,1110.0,1040.1,1091.2,1090.9,1090.9,1091.5,13294.7618127
2017-02-22,1134.0,1085.0,1130.4,1129.6,1130.0,1130.8,24498.36718285
2017-02-23,1140.0,1106.4,1125.85,1126.6,1125.5,1126.2,14348.59464901
2017-02-24,1197.0,1116.5,1190.15,1190.7,1189.9,1190.4,26149.41920126
2017-02-25,1222.4,1110.0,1185.15,1185.2,1185.1,1185.2,48200.5251418
2017-02-26,1189.9,1131.3,1153.2,1153.0,1153.0,1153.4,16261.8289789
2017-02-27,1186.1,1130.7,1179.2,1178.7,1178.7,1179.7,11081.09539733
2017-02-28,1204.0,1170.0,1195.7,1195.9,1195.4,1196.0,11831.19391413
2017-03-01,1216.0,1176.6,1189.1,1189.1,1189.0,1189.2,17402.74654792
2017-03-02,1236.4,1186.0,1234.8,1234.8,1234.7,1234.9,22560.00164844
2017-03-03,1285.9,1212.0,1257.55,1257.4,1257.3,1257.8,30526.80495357
2017-03-04,1294.9,1256.0,1289.3,1289.7,1288.9,1289.7,22309.05200501
2017-03-05,1291.9,1240.0,1267.25,1267.0,1267.0,1267.5,15527.60449333
2017-03-06,1279.9,1245.0,1278.45,1278.4,1278.4,1278.5,9315.22167347
2017-03-07,1287.8,1268.0,1279.25,1279.2,1279.2,1279.3,9602.85826267
2017-03-08,1282.0,1185.0,1232.35,1232.3,1232.3,1232.4,42009.04881595
2017-03-09,1243.6,1142.1,1149.35,1150.0,1149.3,1149.4,46839.64626745
2017-03-10,1207.6,1136.0,1190.35,1190.3,1190.3,1190.4,24142.71884558
2017-03-11,1339.9,958.5,1112.65,1113.4,1112.6,1112.7,104918.83222702
2017-03-12,1196.6,1101.2,1172.75,1172.1,1172.5,1173.0,31280.63997761
2017-03-13,1232.7,1166.8,1224.45,1224.4,1224.4,1224.5,18953.1011757
2017-03-20,1059.0,1009.7,1042.85,1042.8,1042.8,1042.9,27459.92905508
2017-03-21,1122.3,1033.6,1116.55,1116.4,1116.5,1116.6,33610.83424456
2017-03-22,1116.6,985.55,1029.5,1029.4,1029.3,1029.7,40390.873952
2017-03-23,1055.0,1018.0,1025.45,1025.6,1025.2,1025.7,19448.00245597
2017-03-24,1034.6,930.0,937.245,937.59,936.9,937.59,40100.84331098
2017-03-25,965.0,888.2,960.03,960.07,959.99,960.07,47622.26884835
2017-03-26,1006.0,950.1,956.35,956.4,956.3,956.4,34994.99108971
2017-03-27,1042.5,954.3,1035.75,1035.8,1035.7,1035.8,31798.69966271
2017-03-28,1068.9,1016.2,1042.45,1042.5,1042.4,1042.5,26255.50358969
2017-03-29,1059.0,1008.5,1037.6,1037.5,1037.4,1037.8,22457.04335232
2017-03-30,1053.5,1021.2,1032.85,1032.9,1032.7,1033.0,23917.33022375
2017-03-31,1089.4,1031.7,1081.05,1081.0,1081.0,1081.1,28196.43895485
2017-04-01,1106.9,1070.0,1084.05,1084.1,1084.0,1084.1,17049.09263741
2017-04-02,1118.2,1080.9,1109.65,1109.4,1109.5,1109.8,20407.29875875
2017-04-03,1159.9,1104.4,1154.65,1155.0,1154.1,1155.2,28782.79661729
2017-04-04,1165.6,1124.0,1135.85,1135.9,1135.8,1135.9,22908.55675799
2017-04-05,1146.7,1111.2,1126.55,1126.6,1126.5,1126.6,21107.73197234
2017-04-06,1206.4,1126.1,1198.95,1198.9,1198.9,1199.0,33363.11000848
2017-04-07,1209.0,1176.7,1190.95,1191.2,1190.8,1191.1,20850.5735589
2017-04-08,1202.9,1171.0,1184.75,1185.0,1184.5,1185.0,10912.98658251
2017-04-09,1226.9,1179.4,1218.2,1218.0,1218.0,1218.4,16109.42700838
2017-04-10,1229.9,1208.0,1217.95,1218.4,1217.5,1218.4,11897.6329418
2017-04-11,1244.7,1209.1,1238.8,1238.4,1238.6,1239.0,9268.71525863
2017-04-12,1244.3,1221.0,1225.55,1225.8,1225.3,1225.8,12332.63598662
2017-04-13,1235.3,1163.3,1189.05,1189.0,1189.0,1189.1,19234.25175624
2017-04-14,1219.2,1182.0,1208.0,1207.8,1207.5,1208.5,11480.03945098
2017-04-15,1215.0,1191.3,1197.95,1197.9,1197.9,1198.0,9466.52060369
2017-04-16,1217.6,1190.0,1215.15,1215.1,1215.1,1215.2,5119.11012699
2017-04-17,1247.0,1202.0,1238.65,1238.4,1238.4,1238.9,14678.79792861
2017-04-18,1274.8,1235.0,1266.15,1267.2,1265.5,1266.8,16602.4933534
2017-04-19,1272.0,1254.3,1267.6,1268.0,1267.3,1267.9,6299.15914163
2017-04-20,1326.9,1255.0,1301.85,1301.9,1301.8,1301.9,16745.78243307
2017-04-21,1333.1,1301.2,1322.2,1322.3,1322.1,1322.3,8110.60454556
2017-04-22,1354.9,1290.0,1343.1,1343.0,1343.0,1343.2,12268.71145091
2017-04-23,1359.0,1336.0,1345.2,1345.3,1345.1,1345.3,7653.43791659
2017-04-24,1359.6,1325.0,1344.3,1344.6,1343.9,1344.7,8120.00928124
2017-04-25,1378.5,1342.1,1370.2,1370.0,1370.0,1370.4,8214.93671346
2017-04-26,1411.7,1362.3,1404.05,1404.0,1404.0,1404.1,11651.33245957
2017-04-27,1449.7,1392.5,1445.7,1445.6,1445.3,1446.1,10232.70590756
2017-04-28,1447.0,1366.0,1398.95,1398.9,1398.9,1399.0,13114.24133783
2017-04-29,1439.5,1398.9,1422.5,1424.2,1421.1,1423.9,9868.75501413
2017-04-30,1443.7,1400.1,1441.65,1441.7,1441.6,1441.7,8531.03628968
2017-05-01,1560.0,1432.0,1527.55,1527.6,1527.5,1527.6,22317.56589647
2017-05-02,1604.6,1473.0,1549.7,1549.7,1549.5,1549.9,16704.96175968
2017-05-03,1627.0,1541.9,1612.65,1613.0,1612.3,1613.0,17114.90945145
2017-05-04,1702.0,1519.0,1583.9,1586.3,1582.9,1584.9,30321.2950894
2017-05-05,1665.9,1528.8,1570.5,1571.7,1569.3,1571.7,31196.57167469
2017-05-06,1605.1,1505.0,1593.25,1593.7,1592.8,1593.7,16715.25240507
2017-05-07,1624.2,1575.1,1623.75,1623.6,1623.6,1623.9,12746.06896859
2017-05-08,1715.0,1616.2,1698.75,1699.0,1698.5,1699.0,20064.442686
2017-05-09,1815.0,1689.2,1769.05,1769.0,1769.0,1769.1,31670.05533892
2017-05-10,1817.4,1722.3,1780.1,1780.0,1779.8,1780.4,19118.84557246
2017-05-11,1908.1,1763.6,1857.75,1858.2,1857.4,1858.1,24293.68144062
2017-05-12,1868.5,1700.2,1769.95,1770.0,1769.9,1770.0,21081.95901598
2017-05-13,1825.0,1666.0,1813.95,1814.0,1813.9,1814.0,16929.94603844
2017-05-14,1852.4,1775.2,1815.85,1815.7,1815.7,1816.0,11353.81134993
2017-05-15,1830.4,1719.0,1780.95,1781.8,1780.9,1781.0,15829.09402139
2017-05-16,1795.1,1728.0,1781.65,1781.7,1781.6,1781.7,9777.05053279
2017-05-17,1894.0,1766.3,1874.95,1874.9,1874.9,1875.0,15944.83830748
2017-05-18,1948.0,1861.0,1944.95,1946.1,1943.9,1946.0,11723.37564472
2017-05-19,2000.0,1924.9,1969.65,1970.0,1969.4,1969.9,23920.61666184
2017-05-20,2069.0,1960.1,2067.85,2068.0,2067.7,2068.0,21219.21014859
2017-05-21,2099.1,2000.1,2039.6,2037.9,2038.3,2040.9,17131.75095758
2017-05-22,2222.2,1981.8,1981.85,1981.9,1981.8,1981.9,54979.75310354
2017-05-23,2264.2,1978.0,2227.8,2228.0,2227.7,2227.9,25237.76081342
2017-05-24,2444.9,2225.1,2378.55,2379.6,2377.4,2379.7,28763.23656998
2017-05-25,2690.0,2250.2,2376.5,2377.0,2376.0,2377.0,49595.7110208
2017-05-26,2477.0,2007.0,2110.25,2113.2,2108.3,2112.2,45454.1782232
2017-05-27,2210.8,1810.0,1948.55,1949.9,1943.0,1954.1,47573.80228639
2017-05-28,2194.4,1917.5,2030.85,2033.0,2030.5,2031.2,26069.90020527
2017-05-29,2249.8,1990.0,2190.65,2193.4,2190.0,2191.3,16150.8134196
2017-05-30,2265.0,2080.1,2105.6,2106.0,2105.2,2106.0,20354.07680653
2017-05-31,2241.0,2000.0,2195.55,2195.6,2195.5,2195.6,22698.13105643
2017-06-01,2368.2,2180.02876146,2287.85,2287.8,2287.8,2287.9,19095.14572728
2017-06-02,2390.0,2262.8,2389.95,2390.0,2389.9,2390.0,11467.50447164
2017-06-03,2481.2,2347.6,2476.75,2477.2,2476.4,2477.1,11912.73748724
2017-06-04,2498.0,2365.0,2474.15,2476.2,2472.2,2476.1,11862.21293963
2017-06-05,2649.5,2472.3,2618.25,2618.91043963,2617.5,2619.0,15069.17422723
2017-06-06,2899.7,2596.7,2829.1,2828.7,2828.7,2829.5,42863.47285584
2017-06-07,2850.0,2600.1,2674.6,2674.8,2673.3,2675.9,21612.6935227
2017-06-08,2780.0,2527.0,2776.15,2775.6,2775.4,2776.9,17385.43907228
2017-06-09,2849.8,2763.9,2808.55,2808.6,2808.5,2808.6,9590.57211758
2017-06-10,2890.5,2711.1,2813.55,2814.3,2812.9,2814.2,15375.42670813
2017-06-11,3003.0,2791.0,2934.85,2936.6,2932.6,2937.1,19846.74807496
2017-06-12,2962.2,2284.4,2543.7,2543.8,2543.6,2543.8,47251.44470817
2017-06-13,2730.0,2528.1,2680.95,2681.0,2680.9,2681.0,24145.39327905
2017-06-14,2722.42278245,2280.0,2372.0,2374.2,2369.5,2374.5,33787.33441609
2017-06-15,2455.0,2046.0,2382.6,2385.2,2380.2,2385.0,55325.68685312
2017-06-16,2487.0,2257.8,2423.75,2423.7,2423.7,2423.8,24032.48945506
2017-06-17,2635.0,2368.1,2629.95,2630.0,2629.9,2630.0,16108.85988172
2017-06-18,2640.0,2420.0,2479.4,2479.1,2479.0,2479.8,20567.79053665
2017-06-19,2593.9,2472.8,2566.8,2568.0,2565.9,2567.7,13522.69276237
2017-06-20,2780.0,2565.7,2746.7,2747.3,2746.1,2747.3,20269.37169074
2017-06-21,2760.0,2572.3,2600.35,2601.1,2600.0,2600.7,24543.23929945
2017-06-22,2709.0,2554.8,2675.2,2675.0,2675.0,2675.4,15484.26223235
2017-06-23,2726.0,2652.0,2692.25,2692.1,2692.2,2692.3,7851.20454748
2017-06-24,2700.0,2452.86920686,2485.0,2485.2,2484.8,2485.2,16835.50146709
2017-06-25,2595.0,2368.3,2464.95,2462.2,2462.8,2467.1,18250.09762145
2017-06-26,2510.4,2258.7,2397.45,2397.5,2397.4,2397.5,33998.132991
2017-06-27,2500.0,2207.8,2496.7,2495.6,2495.6,2497.8,34606.33289825
2017-06-28,2566.8,2403.2,2512.4,2511.7,2511.7,2513.1,23085.32347093
2017-06-29,2537.8,2424.0,2492.6,2490.3,2490.5,2494.7,12903.73040551
2017-06-30,2511.1,2425.7,2425.95,2426.0,2425.7,2426.2,9951.05435536
2017-07-01,2441.0,2291.0,2330.6,2330.0,2330.2,2331.0,15483.27033096
2017-07-02,2462.8,2302.0,2437.15,2437.2,2437.1,2437.2,11942.13818395
2017-07-03,2587.4,2416.2,2550.75,2550.5,2550.5,2551.0,16459.28579338
2017-07-04,2628.6,2511.0,2560.55,2560.9,2560.3,2560.8,15491.33521549
2017-07-05,2619.0,2477.9,2601.15,2601.2,2601.1,2601.2,13858.39202968
2017-07-06,2607.1,2546.0,2599.05,2597.5,2599.0,2599.1,10008.20103325
2017-07-07,2601.5,2447.0,2454.05,2453.8,2453.8,2454.3,16598.09590207
2017-07-08,2542.6,2436.1,2541.85,2541.4,2541.8,2541.9,10785.00978106
2017-07-09,2555.7,2491.0,2496.95,2496.9,2496.9,2497.0,7242.9093659
2017-07-10,2499.9,2300.2,2312.35,2311.4,2310.8,2313.9,24351.85459663
2017-07-11,2375.0,2182.0,2315.65,2315.6,2315.6,2315.7,36479.92579668
2017-07-12,2397.0,2190.0,2364.9,2364.1,2364.1,2365.7,22238.87665626
2017-07-13,2400.0,2293.1,2335.4,2335.7,2335.1,2335.7,18638.31658398
2017-07-14,2345.6,2138.0,2202.05,2203.0,2201.1,2203.0,27458.42173356
2017-07-15,2218.9,1975.7,2034.95,2034.9,2034.9,2035.0,40552.0852412
2017-07-16,2051.1,1826.2,1949.35,1950.0,1949.2,1949.5,53266.4029935
2017-07-17,2196.0,1903.6,2194.95,2194.9,2194.9,2195.0,39390.34285014
2017-07-18,2380.2,2139.0,2293.15,2295.2,2291.6,2294.7,45484.66172852
2017-07-19,2400.0,2213.9,2253.25,2253.3,2253.2,2253.3,35999.47719933
2017-07-20,2847.0,2226.3,2841.95,2844.9,2838.0,2845.9,74227.68613459
2017-07-21,2922.0,2615.0,2697.8,2698.0,2697.6,2698.0,66653.29486544
2017-07-22,2917.0,2642.8,2836.35,2836.0,2836.0,2836.7,35645.03203075
2017-07-23,2877.5,2655.0,2729.85,2727.8,2729.3,2730.4,35204.68390574
2017-07-24,2812.0,2707.1,2772.15,2772.5,2771.7,2772.6,21145.71222318
2017-07-25,2790.1,2417.0,2541.95,2542.1,2541.9,2542.0,55775.63808597
2017-07-26,2612.0,2404.0,2511.05,2511.0,2511.0,2511.1,32960.76679518
2017-07-27,2679.7,2503.20841641,2679.65,2679.5,2679.6,2679.7,31654.75087282
2017-07-28,2820.0,2651.0,2787.45,2787.5,2787.4,2787.5,41395.61221531
2017-07-29,2800.0,2662.0,2699.15,2699.0,2698.9,2699.4,23981.38000221
2017-07-30,2760.0,2582.9,2730.8,2730.0,2730.3,2731.3,34478.91048374
2017-07-31,2883.5,2694.4,2848.05,2848.0,2848.0,2848.1,28480.80078349
2017-08-01,2902.2,2604.0,2706.05,2706.0,2706.0,2706.1,42472.7462243
2017-08-02,2758.0,2610.0,2689.05,2689.2,2689.0,2689.1,23326.72115873
2017-08-03,2820.0,2673.4,2804.95,2804.9,2804.9,2805.0,17103.84047636
2017-08-04,2876.0,2762.1,2853.95,2854.0,2853.9,2854.0,18816.30228367
2017-08-05,3339.5,2842.8,3235.2,3234.7,3234.7,3235.7,50677.69131739
2017-08-06,3315.5,3155.8,3251.45,3250.2,3250.4,3252.5,16512.75891773
2017-08-07,3440.0,3190.0,3387.75,3388.0,3387.5,3388.0,24367.22557715
2017-08-08,3483.8,3340.0,3450.55,3450.7,3450.5,3450.6,32193.96428069
2017-08-09,3451.2,3235.1,3293.1,3292.3,3292.8,3293.4,26244.01119172
2017-08-10,3447.0,3295.1,3425.55,3425.6,3425.5,3425.6,19261.00935109
2017-08-11,3675.3,3380.0,3664.0,3663.2,3663.2,3664.8,24799.11082413
2017-08-12,3970.1,3589.5,3834.5,3834.6,3834.4,3834.6,38993.85991439
2017-08-13,4190.0,3810.0,4109.25,4109.0,4109.0,4109.5,48187.09884563
2017-08-14,4320.0,3951.0,4247.95,4247.9,4247.9,4248.0,33609.08779582
2017-08-15,4430.0,3832.5,4182.15,4182.1,4182.1,4182.2,64693.06033676
2017-08-16,4380.0,3925.1,4324.85,4324.7,4324.7,4325.0,34444.21472507
2017-08-17,4492.3,4152.0,4311.7,4315.2,4308.4,4315.0,41233.30559399
2017-08-18,4360.0,3954.0,4105.5,4101.5,4103.0,4108.0,46468.29258882
2017-08-19,4187.0,3907.0,4154.95,4154.5,4154.6,4155.3,41679.52123745
2017-08-20,4199.9,4045.5,4139.95,4139.9,4139.9,4140.0,23204.37488621
2017-08-21,4140.4,3951.0,4009.1,4007.7,4007.7,4010.5,28694.08691926
2017-08-22,4141.9,3599.0,4038.05,4038.0,4038.0,4038.1,61237.38743088
2017-08-23,4255.2,4014.5,4143.4,4143.2,4143.3,4143.5,28280.67393303
2017-08-24,4340.7,4089.9,4331.15,4331.2,4331.1,4331.2,20289.48296381
2017-08-25,4464.2,4250.0,4363.85,4363.8,4363.8,4363.9,29633.62497691
2017-08-26,4364.0,4240.7,4339.05,4337.6,4337.8,4340.3,15042.39919359
2017-08-27,4406.7,4304.4,4338.0,4338.0,4337.9,4338.1,11298.84714619
2017-08-28,4395.5,4175.0,4369.95,4369.9,4369.9,4370.0,21264.29484791
2017-08-29,4648.8,4325.1,4602.75,4602.7,4602.7,4602.8,32433.7204406
2017-08-30,4643.0,4481.0,4571.25,4571.5,4571.2,4571.3,17221.66043662
2017-08-31,4749.9,4566.9,4725.75,4725.7,4725.7,4725.8,18426.10565897
2017-09-01,4936.9,4660.0,4863.85,4863.8,4863.8,4863.9,28435.74499117
2017-09-02,4970.0,4400.1,4435.75,4435.8,4435.7,4435.8,54498.39083032
2017-09-03,4699.9,4331.0,4562.95,4563.0,4562.9,4563.0,34156.03870229
2017-09-04,4621.0,4052.0,4250.15,4250.1,4250.1,4250.2,57641.4147219
2017-09-05,4448.0,3900.1,4447.95,4448.0,4447.9,4448.0,57557.78834067
2017-09-06,4633.7,4352.4,4609.85,4614.4,4605.1,4614.6,40566.83652289
2017-09-07,4675.0,4455.1,4619.3,4622.0,4616.1,4622.5,23309.31323085
2017-09-08,4694.9,4105.0,4311.4,4314.7,4308.1,4314.7,59983.42828249
2017-09-09,4395.2,4151.0,4339.25,4338.5,4338.5,4340.0,31851.21744691
2017-09-10,4349.9,3974.1,4262.65,4262.7,4262.6,4262.7,45285.89734059
2017-09-11,4383.2,4123.0,4208.45,4208.5,4208.4,4208.5,31850.72373692
2017-09-12,4379.0,4050.0,4168.3,4169.5,4167.1,4169.5,39448.53089813
2017-09-13,4169.7,3731.7,3935.35,3935.1,3935.1,3935.6,70069.04966924
2017-09-14,3936.0,3258.0,3297.9,3296.6,3296.8,3299.0,123047.84879255
2017-09-15,3809.0,2980.4,3742.6,3741.4,3741.3,3743.9,187869.18658424
2017-09-16,3875.0,3511.1,3710.95,3710.6,3710.8,3711.1,71755.89432528
2017-09-17,3782.0,3465.1,3701.1,3701.0,3700.9,3701.3,37076.77951371
2017-09-18,4119.0,3645.5,4048.95,4049.0,4048.0,4049.9,58980.80889905
2017-09-19,4114.0,3836.2,3917.0,3917.7,3916.8,3917.2,47806.46753219
2017-09-20,4049.0,3829.0,3948.95,3949.0,3948.9,3949.0,30525.23067074
2017-09-21,3958.1,3560.0,3620.15,3620.1,3620.1,3620.2,59077.78403103
2017-09-22,3748.0,3490.0,3604.4,3604.1,3604.1,3604.7,50152.06383457
2017-09-23,3808.7,3555.0,3751.25,3751.8,3750.6,3751.9,25229.41856733
2017-09-24,3785.7,3615.5,3680.65,3681.0,3680.6,3680.7,21618.76650228
2017-09-25,3977.0,3652.0,3924.4,3924.5,3924.3,3924.5,39622.86583261
2017-09-26,3985.0,3838.0,3885.85,3886.0,3885.8,3885.9,21715.63473766
2017-09-27,4220.0,3860.7,4196.25,4196.1,4196.2,4196.3,47356.499447
2017-09-28,4269.0,4120.0,4180.05,4180.1,4180.0,4180.1,37736.70530609
2017-09-29,4245.0,4024.4,4162.65,4162.6,4162.6,4162.7,38770.32430176
2017-09-30,4397.0,4140.0,4363.6,4364.5,4363.5,4363.7,31863.15127192
2017-10-01,4424.0,4248.6,4406.7,4407.0,4406.4,4407.0,27208.64651715
2017-10-02,4482.0,4359.0,4374.1,4374.1,4373.3,4374.9,29947.91702206
2017-10-03,4439.9,4210.1,4308.7,4310.0,4307.3,4310.1,28192.47179134
2017-10-04,4359.2,4174.3,4222.05,4222.1,4222.0,4222.1,26924.77063013
2017-10-05,4364.7,4133.0,4359.85,4359.7,4359.8,4359.9,24144.66919146
2017-10-06,4425.8,4282.2,4351.95,4352.0,4351.9,4352.0,26874.43064659
2017-10-07,4505.0,4309.0,4465.25,4465.9,4465.1,4465.4,15906.35534797
2017-10-08,4627.9,4416.3,4627.1,4627.1,4627.0,4627.2,30946.71420304
2017-10-09,4879.8,4551.0,4752.25,4752.2,4752.2,4752.3,48581.82621057
2017-10-10,4940.0,4750.0,4790.85,4790.9,4790.8,4790.9,40842.55403966
2017-10-11,4881.4,4715.0,4815.1,4815.0,4815.0,4815.2,31848.43264263
2017-10-12,5419.8,4810.4,5327.15,5312.6,5326.3,5328.0,76109.49989273
2017-10-13,5920.0,5312.6,5644.5,5644.1,5643.1,5645.9,101794.58227971
2017-10-14,5784.8,5564.3,5749.95,5749.9,5749.9,5750.0,34331.79082367
2017-10-15,5877.0,5450.0,5715.95,5718.2,5715.9,5716.0,56987.01129461
2017-10-16,5771.0,5570.0,5714.95,5715.0,5714.9,5715.0,32246.5687906
2017-10-17,5810.0,5511.0,5554.95,5555.0,5554.9,5555.0,34328.91570938
2017-10-18,5613.0,5114.0,5582.8,5582.9,5582.5,5583.1,68519.95533648
2017-10-19,5744.0,5505.5,5709.35,5709.3,5709.3,5709.4,38897.36962961
2017-10-20,6088.4,5603.3,6004.1,6004.9,6003.3,6004.9,60815.13599989
2017-10-21,6199.9,5862.8,6075.25,6075.2,6075.2,6075.3,52947.31421985
2017-10-22,6075.3,5705.0,5912.7,5910.0,5910.0,5915.4,49787.05345053
2017-10-23,6055.0,5621.0,5880.15,5889.1,5880.1,5880.2,66996.60056196
2017-10-24,5933.0,5457.4,5492.5,5491.0,5491.0,5494.0,65545.43406473
2017-10-25,5697.1,5365.3,5664.95,5665.0,5664.9,5665.0,43115.38721573
2017-10-26,5966.6,5626.4,5876.15,5876.2,5876.1,5876.2,44746.79046894
2017-10-27,6020.0,5681.0,5771.75,5771.8,5771.7,5771.8,40163.54168626
2017-10-28,5864.0,5632.0,5738.7,5740.0,5737.8,5739.6,26543.28714626
2017-10-29,6345.0,5660.0,6184.55,6184.6,6184.5,6184.6,60176.60290139
2017-10-30,6239.0,6006.2,6094.5,6094.0,6094.1,6094.9,34779.08191867
2017-10-31,6450.0,6082.5,6386.6,6387.4,6386.1,6387.1,37270.00122007
2017-11-01,6676.0,6344.5,6659.05,6659.1,6659.0,6659.1,56301.83595919
2017-11-02,7350.0,6625.6,6989.65,6987.7,6989.6,6989.7,98593.85676309
2017-11-03,7448.0,6820.0,7247.25,7247.2,7247.2,7247.3,63495.49522234
2017-11-04,7530.0,6930.1,7379.35,7379.4,7379.3,7379.4,48163.07988312
2017-11-05,7598.0,7272.0,7329.35,7321.8,7327.7,7331.0,44704.41799562
2017-11-07,7440.0,6911.0,6955.7,6956.5,6954.9,6956.5,63254.49195175
2017-11-08,7220.0,6948.0,7102.05,7102.0,7102.0,7102.1,37539.62434544
2017-11-09,7899.9,6977.4,7447.9,7447.0,7446.2,7449.6,97308.03649204
2017-11-10,7450.0,7000.0,7126.45,7126.4,7126.4,7126.5,50138.92451161
2017-11-11,7324.0,6405.0,6544.3,6541.2,6541.2,6547.4,88416.47311226
2017-11-12,6789.0,6163.2,6301.05,6302.7,6299.2,6302.9,72841.28594997
2017-11-13,6469.6,5400.2,5819.35,5810.7,5819.3,5819.4,172712.47105986
2017-11-14,6682.0,5780.0,6477.55,6476.5,6475.5,6479.6,110413.13964891
2017-11-15,6689.5,6301.0,6589.95,6590.0,6589.9,6590.0,49485.36584188
2017-11-16,7319.0,6589.9,7269.1,7265.84095228,7265.9,7272.3,71614.83497865
2017-11-17,8020.0,7091.0,7866.3,7864.2,7865.4,7867.2,85876.3870985
2017-11-18,8040.0,7505.0,7674.95,7675.9,7674.1,7675.8,75935.97736376
2017-11-19,7867.8,7412.0,7773.25,7773.3,7773.2,7773.3,40707.793115
2017-11-20,8130.0,7650.0,8051.45,8050.7,8050.5,8052.4,39114.74949368
2017-11-21,8315.0,7925.0,8249.35,8248.8,8248.8,8249.9,38281.50492472
2017-11-22,8380.0,7755.6,8080.85,8079.3,8079.1,8082.6,71851.27391088
2017-11-23,8310.0,8055.0,8230.05,8230.0,8230.0,8230.1,28858.50315562
2017-11-24,8268.0,7970.0,7981.55,7985.4,7977.7,7985.4,32136.41713308
2017-11-25,8352.1,7871.0,8191.3,8191.6,8190.9,8191.7,42835.2741244
2017-11-27,9495.0,8746.9,9302.1,9303.0,9301.7,9302.5,67604.58822094
2017-11-28,9771.0,9231.0,9725.65,9725.9,9725.6,9725.7,66628.42582095
2017-11-29,9999.0,9580.8,9892.35,9894.9,9889.8,9894.9,47105.82029656
2017-11-30,11441.0,9000.0,9775.3,9772.0,9772.0,9778.6,182875.17182785
2017-12-01,10542.0,8801.0,9907.05,9907.1,9907.0,9907.1,129048.93796608
2017-12-02,10950.0,9370.1,10860.5,10860.0,10860.0,10861.0,84145.0072902
2017-12-03,11190.0,10621.0,10876.5,10876.0,10876.0,10877.0,49703.48541283
2017-12-04,11874.0,10161.0,11161.5,11161.0,11161.0,11162.0,93064.05355213
2017-12-05,11600.0,10718.0,11598.5,11599.0,11598.0,11599.0,63775.26847832
2017-12-06,11961.0,11405.0,11591.5,11590.0,11591.0,11592.0,48911.13860676
2017-12-07,13599.0,11590.0,13508.0,13503.0,13507.0,13509.0,83642.06608325
2017-12-08,16649.0,13139.0,16610.0,16607.0,16608.0,16612.0,141225.69292383
2017-12-09,17171.0,13722.0,15833.0,15816.78052363,15822.0,15844.0,124036.20958585
2017-12-10,16300.0,13010.0,14660.5,14660.0,14660.0,14661.0,77819.74691353
2017-12-11,15741.0,12730.63686141,14932.0,14937.0,14926.0,14938.0,107145.64604527
2017-12-12,17450.0,14900.0,16753.5,16754.0,16753.0,16754.0,78088.98466309
2017-12-14,17293.0,15632.0,16172.0,16172.0,16171.0,16173.0,62873.97860452
2017-12-15,16999.0,15851.0,16384.5,16384.0,16384.0,16385.0,45732.47575974
2017-12-16,18111.0,16349.0,17569.5,17569.54956141,17569.0,17570.0,63132.27812634
2017-12-17,19550.0,17050.0,19209.0,19210.0,19208.0,19210.0,48267.89255642
2017-12-18,19891.0,18622.0,18965.5,18959.0,18961.0,18970.0,51806.64329106
2017-12-19,19175.0,18010.0,18924.5,18925.0,18924.0,18925.0,53565.33630511
2017-12-20,18987.0,16400.0,17344.5,17340.0,17344.0,17345.0,66677.17953251
2017-12-21,17709.0,15500.0,16424.5,16425.0,16423.0,16426.0,82128.7032053
2017-12-22,17333.0,14801.0,15650.5,15650.0,15650.0,15651.0,65588.57683188
2017-12-23,15842.42999525,10700.0,13173.5,13174.0,13173.0,13174.0,178636.19305196
2017-12-24,14999.0,12521.0,14035.5,14036.0,14035.0,14036.0,59927.0510086
2017-12-25,14047.0,11600.0,13511.0,13517.0,13505.0,13517.0,72381.70087599
2017-12-26,14278.0,12675.0,13633.5,13634.0,13633.0,13634.0,45606.38794312
2017-12-27,16060.0,13531.0,15679.5,15680.0,15679.0,15680.0,63432.203083
2017-12-28,16494.0,14454.0,15374.5,15375.0,15374.0,15375.0,54988.91093683
2017-12-29,15468.0,13145.0,14323.5,14323.0,14323.0,14324.0,72902.79657665
2017-12-30,15131.0,13826.0,14308.5,14308.0,14308.0,14309.0,47997.44310277
2017-12-31,14417.0,11651.0,12380.5,12385.0,12380.0,12381.0,75442.70968495
2018-01-01,14210.0,12166.0,13763.5,13769.0,13757.0,13770.0,43269.64131589
2018-01-02,13893.0,12777.0,13371.0,13375.0,13366.0,13376.0,29564.8869838
2018-01-03,15500.0,12795.0,14715.0,14723.09574779,14712.0,14718.0,56195.09868518
2018-01-04,15428.83091885,14500.0,15150.5,15134.0,15150.0,15151.0,38358.56106729
2018-01-05,15422.15785315,14060.0,15169.0,15175.0,15163.0,15175.0,46460.13160054
2018-01-06,17105.0,14725.0,16898.0,16900.0,16896.0,16900.0,54639.53537249
2018-01-07,17252.0,16251.0,17175.5,17175.0,17175.0,17176.0,29599.44867315
2018-01-08,17176.0,15712.0,16180.5,16180.0,16180.0,16181.0,30864.69206898
2018-01-09,16329.0,13755.0,14919.5,14920.0,14919.0,14920.0,64931.44904583
2018-01-10,15355.0,14122.0,14463.0,14462.0,14457.0,14469.0,43493.5928261
2018-01-11,14905.0,13300.0,14899.5,14900.0,14899.0,14900.0,57320.56713192
2018-01-12,14999.0,12639.0,13257.0,13254.0,13253.0,13261.0,71651.54387017
2018-01-13,14100.0,12751.0,13801.0,13800.0,13800.0,13802.0,37434.61421912
2018-01-14,14580.0,13750.0,14192.0,14197.0,14191.0,14193.0,28991.09665873
2018-01-15,14393.0,12874.34212454,13548.5,13549.0,13548.0,13549.0,35606.43431388
2018-01-16,14356.0,13300.0,13590.0,13597.0,13584.0,13596.0,33521.50472543
2018-01-17,13617.0,9940.0,11068.0,11069.47183332,11067.0,11069.0,131824.78405254
2018-01-18,11497.0,9231.1,11121.0,11122.0,11120.0,11122.0,132258.16165097
2018-01-19,11904.0,10515.0,11008.5,10998.73484849,11003.0,11014.0,85181.48480945
2018-01-20,11900.0,10647.0,11473.5,11470.0,11472.0,11475.0,48552.90682775
2018-01-21,13017.0,11407.0,12731.5,12731.0,12731.0,12732.0,46301.04501255
2018-01-22,12732.0,11015.0,11519.5,11522.0,11519.0,11520.0,53628.32306153
2018-01-23,11900.0,10009.0,10788.5,10789.0,10788.0,10789.0,66349.39524165
2018-01-24,11427.0,9900.0,10826.5,10826.0,10826.0,10827.0,63856.85973145
2018-01-25,11734.0,10845.0,11187.5,11187.0,11187.0,11188.0,34904.36769624
2018-01-26,11700.0,10276.0,11130.5,11131.0,11130.0,11131.0,56653.17026254
2018-01-27,11689.0,10800.0,11375.0,11380.0,11370.0,11380.0,34402.67408071
2018-01-28,12190.0,11376.0,11849.5,11849.0,11849.0,11850.0,29746.3621441
2018-01-29,11975.0,11070.0,11223.5,11223.0,11223.0,11224.0,25482.56243821
2018-01-30,11252.0,9860.4,10076.5,10077.0,10076.0,10077.0,61000.07112633
2018-01-31,10414.0,9760.0,10191.5,10192.0,10191.0,10192.0,43449.54345209
2018-02-01,10336.0,8941.0,9273.5,9273.0,9273.0,9274.0,78876.96275576
2018-02-02,9274.0,7960.0,8850.85,8850.6,8850.7,8851.0,123331.97630451
2018-02-03,9499.0,8180.0,9154.75,9160.0,9153.5,9156.0,51843.051908
2018-02-04,9410.0,7809.0,8248.6,8249.0,8248.2,8249.0,74255.84162962
2018-02-05,8380.0,6651.0,6886.1,6884.0,6885.8,6886.4,130669.11242583
2018-02-06,7880.0,6000.0,7732.25,7732.2,7732.2,7732.3,193091.84246747
2018-02-07,8488.9,7175.1,7666.75,7670.0,7666.5,7667.0,105762.99198551
2018-02-08,8648.9,7535.0,8242.1,8240.2,8239.9,8244.3,78925.00707809
2018-02-09,8750.0,7724.9,8699.95,8700.0,8699.9,8700.0,63095.10583942
2018-02-10,9074.9,8151.3,8569.45,8569.1,8569.0,8569.9,68230.55742821
2018-02-11,8572.0,7851.0,8069.95,8069.0,8069.0,8070.9,51740.3514205
2018-02-12,9000.0,8000.0,8887.4,8885.3,8885.3,8889.5,51267.10477708
2018-02-13,8952.9,8313.52192073,8536.35,8536.2,8536.2,8536.5,40203.21618627
2018-02-14,9489.0,8500.0,9471.45,9469.0,9470.0,9472.9,50278.68721713
2018-02-15,10176.0,9338.0,10129.5,10130.0,10129.0,10130.0,67120.74481735
2018-02-16,10271.0,9670.0,10167.5,10175.0,10167.0,10168.0,44322.95513173
2018-02-17,11084.0,10049.0,11016.5,11015.0,11016.0,11017.0,52530.11292524
2018-02-18,11250.0,10122.0,10462.0,10460.0,10461.0,10463.0,69489.37827699
2018-02-19,11250.0,10308.0,11161.5,11162.0,11161.0,11162.0,51300.04869693
2018-02-20,11788.0,11100.0,11173.5,11166.0,11173.0,11174.0,60400.50826395
2018-02-21,11239.0,10200.0,10474.5,10474.0,10474.0,10475.0,77520.22761219
2018-02-22,10915.0,9740.0,9848.0,9839.2,9839.0,9857.0,71061.88680246
2018-02-23,10395.0,9583.1,10207.5,10207.0,10207.0,10208.0,59014.13774699
2018-02-24,10500.0,9350.3,9680.3,9680.2,9680.0,9680.6,55742.34356735
2018-02-25,9840.0,9280.4,9538.65,9534.5,9536.3,9541.0,30710.70660421
2018-02-26,10439.0,9359.9,10300.5,10300.0,10300.0,10301.0,45945.39405132
2018-02-27,10888.0,10125.0,10668.5,10668.0,10668.0,10669.0,39458.89607695
2018-02-28,11065.0,10261.0,10294.5,10294.0,10294.0,10295.0,44130.33575329
2018-03-01,11095.0,10210.0,10937.0,10940.0,10934.0,10940.0,33718.85156456
2018-03-02,11189.0,10762.0,11021.5,11022.0,11021.0,11022.0,29056.3286366
2018-03-03,11530.0,11013.0,11463.5,11463.0,11463.0,11464.0,30574.9237654
2018-03-04,11549.0,11050.0,11534.5,11534.0,11534.0,11535.0,27917.26144642
2018-03-05,11700.0,11400.0,11544.0,11545.0,11543.0,11545.0,26849.34705332
2018-03-06,11553.0,10567.0,10684.0,10683.0,10683.0,10685.0,45055.53059811
2018-03-07,10899.0,9400.0,9882.05,9880.0,9880.0,9884.1,75295.14845213
2018-03-08,10112.0,9025.0,9352.55,9352.57027825,9352.5,9352.6,67030.16971608
2018-03-09,9428.0,8342.0,9302.7,9303.0,9302.4,9303.0,98498.92107825
2018-03-10,9506.4,8670.9,8807.75,8807.7,8807.7,8807.8,52902.00882003
2018-03-11,9729.0,8428.0,9483.6,9485.2,9482.1,9485.1,70288.12382226
2018-03-12,9900.0,8770.0,9098.45,9098.4,9098.4,9098.5,67217.54403232
2018-03-13,9482.4,8822.0,9150.55,9150.6,9150.5,9150.6,62993.71255758
2018-03-14,9439.6,7916.0,8175.05,8175.1,8175.0,8175.1,77582.56591849
2018-03-15,8418.0,7665.1,8268.95,8267.7,8268.9,8269.0,83733.54256705
2018-03-16,8604.5,7902.0,8484.65,8494.3,8481.0,8488.3,54272.13600287
2018-03-17,8515.9,7728.1,7993.05,7993.0,7993.0,7993.1,50244.9708019
2018-03-18,8300.0,7240.0,8148.95,8147.0,8148.8,8149.1,87116.3466869
2018-03-19,8717.0,8085.7,8499.95,8505.0,8499.9,8500.0,74322.99487303
2018-03-20,9040.0,8305.1,8931.95,8932.0,8931.9,8932.0,55419.10624432
2018-03-21,9177.5,8752.0,8870.05,8870.0,8870.0,8870.1,42946.49448784
2018-03-22,9095.92211691,8450.0,8690.55,8690.9,8690.2,8690.9,54383.11783487
2018-03-23,8771.9946496,8271.1,8659.35,8661.8,8658.7,8660.0,43242.14435007
2018-03-24,9050.3,8556.0,8641.75,8639.7,8639.7,8643.8,44564.98321808
2018-03-25,8674.4,8364.8,8480.35,8481.0,8479.9,8480.8,30078.99478774
2018-03-26,8516.9,7835.9,8185.85,8177.4,8183.8,8187.9,58065.75466818
2018-03-27,8277.8,7716.6,7926.25,7926.5,7925.8,7926.7,49132.91176062
2018-03-28,8120.2,7702.1,7959.65,7962.0,7959.3,7960.0,37966.9313953
2018-03-29,7973.0,6883.0,7219.95,7219.9,7219.9,7220.0,73997.02978855
2018-03-30,7269.0,6533.0,6774.55,6774.6,6774.5,6774.6,110807.40620856
2018-03-31,7222.0,6751.1,6944.15,6944.1,6944.1,6944.2,68543.5857405
2018-04-01,7035.1,6425.1,6806.05,6806.1,6806.0,6806.1,54592.34004551
2018-04-02,7132.0,6768.0,7025.65,7025.6,7025.6,7025.7,43988.74031925
2018-04-03,7509.7,7007.4,7394.15,7394.13280962,7394.1,7394.2,50882.4102669
2018-04-04,7450.0,6670.0,6740.95,6741.3,6740.6,6741.3,53111.29609937
2018-04-05,6938.0,6564.9,6779.95,6780.0,6779.9,6780.0,46048.05047064
2018-04-06,6864.0,6500.2,6593.95,6595.6,6591.4,6596.5,41534.68511903
2018-04-07,7080.0,6520.1,6942.9,6943.5,6942.6,6943.2,40931.50733471
2018-04-08,7127.0,6856.0,7041.15,7041.1,7041.1,7041.2,29414.6067333
2018-04-09,7189.0,6611.0,6698.35,6698.4,6698.3,6698.4,76309.54530389
2018-04-10,6897.4,6650.0,6785.25,6785.3,6785.2,6785.3,26054.47235719
2018-04-11,7017.4,6777.0,6921.65,6921.7,6921.6,6921.7,26859.89954764
2018-04-12,8087.0,6753.0,7823.95,7824.0,7823.9,7824.0,95364.08248685
2018-04-13,8240.0,7739.1,7862.6,7862.6,7862.5,7862.7,60032.74060034
2018-04-14,8185.0,7820.5,8063.05,8063.2,8063.0,8063.1,28584.51463107
2018-04-15,8458.8,7955.1,8332.95,8332.9,8332.9,8333.0,32363.15182153
2018-04-16,8415.5,7900.3,8009.75,8009.0,8009.7,8009.8,37413.06056512
2018-04-17,8185.0,7823.0,7889.85,7889.9,7889.8,7889.9,28014.31280389
2018-04-18,8237.2,7831.0,8158.95,8158.6,8158.9,8159.0,29288.79050624
2018-04-19,8297.4,8032.2,8270.25,8270.3,8270.2,8270.3,29454.97858081
2018-04-20,8909.2,8219.0,8898.9,8891.1,8896.8,8901.0,45990.85849972
2018-04-21,9069.0,8616.0,8803.15,8803.1,8803.1,8803.2,40076.10478181
2018-04-22,9048.2,8787.0,8832.85,8832.8,8832.8,8832.9,31064.83910078
2018-04-23,9011.0,8751.08522139,8929.45,8929.6,8929.4,8929.5,25759.99017009
2018-04-24,9599.0,8908.9,9555.6,9562.6,9554.8,9556.4,56285.84904263
2018-04-25,9767.4,8784.0,9022.95,9022.9,9022.9,9023.0,74398.95760473
2018-04-26,9178.0,8652.2,9167.95,9168.0,9167.9,9168.0,43370.64385104
2018-04-27,9381.1,8929.0,9059.95,9060.0,9059.9,9060.0,31678.95155726
2018-04-28,9500.0,8750.0,9333.35,9333.4,9333.3,9333.4,45431.34048907
2018-04-29,9565.1,9180.0,9412.8,9412.6,9412.6,9413.0,26595.99470595
2018-04-30,9450.0,9100.0,9178.2,9178.0,9178.1,9178.3,23226.30771625
2018-05-01,9254.3,8817.97469512,9059.95,9060.0,9059.9,9060.0,25728.75263019
2018-05-02,9268.72670262,8968.3,9244.05,9244.0,9244.0,9244.1,19388.66401136
2018-05-03,9779.0,9161.0,9671.0,9667.9,9669.6,9672.4,33693.54400367
2018-05-04,9875.0,9542.5,9745.15,9745.1,9745.1,9745.2,27549.10841024
2018-05-05,9990.0,9685.0,9854.25,9854.3,9854.2,9854.3,29354.08886794
2018-05-06,9964.0,9454.0,9644.05,9644.06157174,9644.0,9644.1,26880.56641617
2018-05-07,9677.9,9182.7,9289.65,9289.7,9289.6,9289.7,25627.40620842
2018-05-08,9471.0,9045.3,9233.05,9233.0,9233.0,9233.1,25092.20136267
2018-05-09,9375.8,8980.0,9330.55,9330.6,9330.5,9330.6,23192.48036851
2018-05-10,9393.9,9045.6,9101.25,9101.2,9101.2,9101.3,21649.11181821
2018-05-11,9104.4,8333.8,8421.95,8421.9,8421.9,8422.0,55927.50611413
2018-05-12,8631.7,8204.40576219,8467.05,8467.0,8467.0,8467.1,36616.70714182
2018-05-13,8760.0,8318.3,8719.65,8719.5,8719.5,8719.8,22745.34075938
2018-05-14,8884.5,8271.0,8678.15,8679.5,8675.3,8681.0,37194.60966843
2018-05-15,8855.7,8415.0,8430.95,8430.9,8430.9,8431.0,26191.12946782
2018-05-16,8498.4,8100.0,8290.25,8290.3,8290.2,8290.3,32261.63925643
2018-05-17,8482.2,7982.5,8077.95,8077.8,8077.9,8078.0,24936.18070162
2018-05-18,8277.2,7925.0,8209.55,8202.1,8209.5,8209.6,24019.25962206
2018-05-19,8468.0,8140.2,8206.65,8206.69551827,8206.6,8206.7,13967.75209955
2018-05-20,8597.9,8171.5,8495.95,8496.0,8495.9,8496.0,15679.57854698
2018-05-21,8644.0,8309.1,8370.35,8370.3,8370.3,8370.4,17177.10865472
2018-05-22,8421.0,7978.0,7984.65,7984.3,7984.3,7985.0,18651.01922437
2018-05-23,8027.65809,7402.7,7577.95,7577.9,7577.9,7578.0,41263.67834521
2018-05-24,7729.83193573,7260.0,7562.85,7562.9,7562.8,7562.9,39150.69059388
2018-05-25,7654.1,7318.2,7365.65,7366.8,7364.3,7367.0,26016.84829902
2018-05-26,7624.1,7300.0,7327.35,7327.4,7327.3,7327.4,13265.93220105
2018-05-27,7425.4,7211.1,7324.25,7323.9,7324.2,7324.3,16591.05256803
2018-05-28,7437.7,7062.3,7088.85,7090.9,7088.8,7088.9,25820.04345366
2018-05-29,7536.0,7040.0,7433.95,7434.0,7433.9,7434.0,27773.26699574
2018-05-30,7560.0,7270.5,7350.95,7350.9,7350.9,7351.0,21646.70431248
2018-05-31,7599.7,7338.0,7439.05,7439.1,7439.0,7439.1,19678.88869778
2018-06-01,7599.8,7329.18847938,7511.95,7512.0,7511.9,7512.0,19284.47827492
2018-06-02,7698.8,7441.5,7617.15,7617.2,7617.1,7617.2,17522.81305246
2018-06-03,7779.0,7600.0,7697.85,7697.8,7697.8,7697.9,13192.88613182
2018-06-04,7764.0,7451.1,7507.85,7509.8,7507.8,7507.9,17911.5777961
2018-06-05,7675.0,7372.0,7620.05,7620.0,7620.0,7620.1,17173.91192995
2018-06-06,7700.0,7491.7,7652.95,7652.4,7652.9,7653.0,18171.86155878
2018-06-07,7756.3,7624.7,7649.25,7649.2,7649.2,7649.3,11034.53379296
2018-06-08,7697.0,7543.6,7647.55,7647.57921827,7647.5,7647.6,12230.21150737
2018-06-09,7685.0,7570.46812397,7582.95,7583.0,7582.9,7583.0,5034.32093172
2018-06-10,7614.8,6618.9,6697.15,6697.1,6697.1,6697.2,57671.86333215
2018-06-11,6821.1,6629.7,6768.35,6768.4,6768.3,6768.4,21992.76041918
2018-06-12,6899.0,6436.1,6525.95,6527.4,6525.9,6526.0,31377.13136622
2018-06-13,6611.7,6107.87718467,6324.25,6324.3,6324.2,6324.3,47211.7313097
2018-06-14,6736.52103872,6269.5,6591.55,6591.6,6591.5,6591.6,31557.15476139
2018-06-15,6709.14278109,6403.0,6443.05,6443.0,6443.0,6443.1,19288.63064154
2018-06-16,6559.7,6300.2,6529.25,6529.3,6529.2,6529.3,16601.85304733
2018-06-17,6573.0,6425.1,6482.35,6482.1,6482.3,6482.4,8936.92881122
2018-06-18,6849.7,6370.76958739,6709.95,6710.0,6709.9,6710.0,26945.54419454
2018-06-19,6848.2,6655.0,6724.85,6725.9,6723.8,6725.9,17373.93304057
2018-06-20,6825.0,6560.0,6724.95,6725.0,6724.9,6725.0,18539.05857799
2018-06-21,6788.8,6679.3,6732.55,6732.6,6732.5,6732.6,10890.84203671
2018-06-22,6731.0,5910.8,6057.85,6057.9,6057.8,6057.9,54102.68861855
2018-06-23,6259.0,6011.8,6184.15,6184.1,6184.1,6184.2,21597.05928847
2018-06-24,6249.7,5755.0,6157.15,6157.1,6157.1,6157.2,45013.9857525
2018-06-25,6341.0,6068.5,6240.05,6240.0,6240.0,6240.1,28115.80256493
2018-06-26,6280.8,6100.5,6158.7,6159.7,6158.6,6158.8,16692.39139641
2018-06-27,6173.5,5984.9,6139.55,6139.5,6139.5,6139.6,19383.82648218
2018-06-28,6192.7,5886.0,5921.75,5921.78551816,5921.7,5921.8,16187.47160924
2018-06-29,6302.0,5780.0,6230.55,6230.5,6230.5,6230.6,34457.73301518
2018-06-30,6545.5,6192.1,6337.35,6337.7,6337.0,6337.7,24537.69831382
2018-07-01,6439.9,6260.0,6363.95,6363.9,6363.9,6364.0,11495.16862444
2018-07-02,6681.2,6275.0,6630.45,6630.5,6630.4,6630.5,27576.65326288
2018-07-03,6675.2,6486.1,6512.35,6512.4,6512.3,6512.4,15987.84502557
2018-07-04,6784.9,6414.1,6680.95,6681.0,6680.9,6681.0,21602.48135281
2018-07-05,6704.7,6423.4,6530.65,6530.7,6530.6,6530.7,23182.2668034
2018-07-06,6641.78437543,6451.9,6579.15,6579.2,6579.1,6579.2,15208.51957891
2018-07-07,6623.9,6511.0,6566.05,6566.0,6566.0,6566.1,9393.20580884
2018-07-08,6839.4,6578.6,6750.95,6750.9,6750.9,6751.0,18371.24002885
2018-07-09,6820.0,6663.0,6698.95,6698.9,6698.9,6699.0,15285.24267665
2018-07-10,6703.4,6324.8,6369.65,6369.68860077,6369.6,6369.7,27724.34348842
2018-07-11,6407.9,6260.1,6376.35,6376.34373608,6376.3,6376.4,18864.8747837
2018-07-12,6378.5,6125.0,6151.35,6151.3,6151.3,6151.4,21216.28737852
2018-07-13,6339.9,6079.9,6205.35,6205.3,6205.3,6205.4,23490.24661405
2018-07-14,6320.0,6179.2,6259.35,6259.3,6259.3,6259.4,9178.16903376
2018-07-15,6389.0,6230.3,6360.6,6360.5,6360.4,6360.8,10771.48040824
2018-07-16,6711.0,6327.1,6665.55,6665.6,6665.5,6665.6,29278.42586345
2018-07-17,7483.9,6666.0,7290.85,7288.30897953,7290.8,7290.9,48584.13914737
2018-07-18,7588.0,7246.5,7359.35,7359.4,7359.3,7359.4,39605.04752432
2018-07-19,7560.0,7281.4,7493.95,7494.0,7493.9,7494.0,21803.90370547
2018-07-20,7685.2,7273.1,7354.95,7354.9,7354.9,7355.0,33249.32979103
2018-07-21,7459.0,7221.0,7416.75,7416.8,7416.7,7416.8,11730.70095586
2018-07-22,7575.0,7329.1,7421.15,7421.1,7421.1,7421.2,16874.62448887
2018-07-23,7820.0,7372.0,7739.95,7740.0,7739.9,7740.0,47096.73618158
2018-07-24,8363.0,7688.0,8313.75,8313.8,8313.7,8313.8,60515.99976261
2018-07-25,8506.7,8073.0,8279.65,8279.0,8278.2,8281.1,40436.2795315
2018-07-26,8323.1,7927.0,7944.05,7944.6,7944.0,7944.1,30526.3702308
2018-07-27,8291.0,7815.08505617,8241.95,8242.0,8241.9,8242.0,35563.93662613
2018-07-28,8267.1,8055.0,8194.95,8195.0,8194.9,8195.0,15137.58902862
2018-07-29,8313.3,8123.0,8191.55,8191.5,8191.5,8191.6,9708.98591315
2018-07-30,8301.7283857,7861.2,8186.15,8186.1,8186.1,8186.2,37498.21795497
2018-07-31,8194.9,7664.8977045,7718.05,7718.0,7718.0,7718.1,40834.22180422
2018-08-01,7799.8,7440.2,7578.05,7574.1,7578.0,7578.1,33280.86553228
2018-08-02,7713.0,7450.0,7549.25,7549.29835933,7549.2,7549.3,18496.23595954
2018-08-03,7571.807617,7282.1,7436.95,7436.9,7436.9,7437.0,30435.93141974
2018-08-04,7492.2,6928.8,7003.15,7003.2,7003.1,7003.2,32130.58319956
2018-08-05,7090.0,6890.0,7029.55,7029.6,7029.5,7029.6,17610.56756134
2018-08-06,7153.6,6847.0,6866.05,6865.9,6866.0,6866.1,17245.14895434
2018-08-07,7150.0,6677.0,6749.55,6749.5,6749.5,6749.6,32235.40965528
2018-08-08,6750.5,6128.2,6279.4,6277.2,6278.6,6280.2,53474.16340393
2018-08-09,6623.8,6183.0,6599.95,6600.0,6599.9,6600.0,33464.87765655
2018-08-10,6595.0,6010.0,6106.65,6106.6928528,6106.6,6106.7,41817.17879583
2018-08-11,6499.5,6008.1,6395.05,6395.0,6395.0,6395.1,37291.14603387
2018-08-13,6548.3,6137.6,6258.35,6256.2,6258.3,6258.4,32409.10981941
2018-08-14,6285.0,5858.6,6155.65,6155.6,6155.6,6155.7,51558.74179474
2018-08-15,6647.6,6105.4,6387.65,6389.0,6386.3,6389.0,64285.5158458
2018-08-16,6476.7,6212.9,6291.15,6291.2,6291.1,6291.2,27705.92993987
2018-08-17,6592.9,6259.8,6564.55,6566.1,6563.1,6566.0,26586.7563994
2018-08-18,6619.5,6300.0,6405.85,6405.8616693,6405.8,6405.9,19956.60265097
2018-08-19,6550.3,6309.3,6504.35,6502.6,6504.2,6504.5,15047.98454354
2018-08-20,6526.1,6310.0,6315.05,6315.0,6315.0,6315.1,28407.58983267
2018-08-21,6526.2,6230.0,6472.35,6472.4,6472.3,6472.4,32481.66934668
2018-08-22,6899.0,6250.3,6375.75,6375.8,6375.7,6375.8,58273.02159895
2018-08-23,6566.63554152,6330.00187921,6502.35,6503.5,6502.3,6502.4,20522.66536878
2018-08-24,6716.6,6451.0,6695.75,6697.2,6695.7,6695.8,19055.14394519
2018-08-25,6799.7,6670.0,6721.95,6721.9,6721.9,6722.0,16363.52687297
2018-08-26,6789.0,6557.0,6687.05,6687.0,6687.0,6687.1,18359.87421766
2018-08-27,6785.0,6652.7,6747.75,6747.8,6747.7,6747.8,17744.78988048
2018-08-28,7127.9,6744.4,7080.05,7080.1,7080.0,7080.1,35859.04501792
2018-08-29,7139.4,6924.26926081,7052.05,7052.2,7052.0,7052.1,19885.19995138
2018-08-30,7061.9,6802.1,6930.75,6931.4,6930.7,6930.8,23310.3336383
2018-08-31,7100.0,6881.6,7025.45,7025.9,7025.4,7025.5,19830.35818252
2018-09-01,7269.9,6997.7,7212.55,7212.5,7212.5,7212.6,22471.3743594
2018-09-02,7429.2,7135.3,7295.05,7294.3,7295.0,7295.1,44516.36888984
2018-09-03,7369.0,7200.0,7291.55,7291.5,7291.5,7291.6,21814.57139322
2018-09-04,7415.4,7246.2,7360.65,7360.7,7360.6,7360.7,21047.1883062
2018-09-05,7404.0,6900.0,6906.25,6906.0,6906.2,6906.3,46598.5705473
2018-09-06,6932.9,6302.2,6456.5,6454.2,6456.4,6456.6,61607.04534266
2018-09-07,6549.5,6322.8,6412.5,6412.5944476,6412.4,6412.6,21379.07153898
2018-09-08,6475.5,6119.5,6175.85,6175.9,6175.8,6175.9,21694.86074735
